type,date,unix_start,unix_end,day,start,end,category,project,task,subtask,amount,amount_decimal,rate,sum,rounding_minutes,rounding_method,note
timed,7/20/16,1469016000,1469021400,Wednesday,7:00 AM,8:30 AM,,Uplink ,Version 1,,01:30,1.50,,,1,NEAREST,
timed,7/20/16,1469024460,1469034000,Wednesday,9:21 AM,12:00 PM,,ECD-Network,SkinIO,,02:39,2.65,,,1,NEAREST,
timed,7/20/16,1469036460,1469042400,Wednesday,12:41 PM,2:20 PM,,ECD-Network,SkinIO,,01:39,1.65,,,1,NEAREST,
timed,7/20/16,1469043060,1469052900,Wednesday,2:31 PM,5:15 PM,,ECD-Network,SkinIO,,02:44,2.73,,,1,NEAREST,
timed,7/20/16,1469057940,1469066640,Wednesday,6:39 PM,9:04 PM,,Uplink ,Version 1,,02:25,2.42,,,1,NEAREST,
timed,7/21/16,1469101980,1469108220,Thursday,6:53 AM,8:37 AM,,Uplink ,Version 1,,01:44,1.73,,,1,NEAREST,
timed,7/21/16,1469112300,1469120400,Thursday,9:45 AM,12:00 PM,,ECD-Network,SkinIO,,02:15,2.25,,,1,NEAREST,
timed,7/21/16,1469126400,1469141100,Thursday,1:40 PM,5:45 PM,,ECD-Network,SkinIO,,04:05,4.08,,,1,NEAREST,
timed,7/21/16,1469145000,1469147040,Thursday,6:50 PM,7:24 PM,,Uplink ,Version 1,,00:34,0.57,,,1,NEAREST,
timed,7/21/16,1469151000,1469152500,Thursday,8:30 PM,8:55 PM,,Trumpet,Practice,,00:25,0.42,,,1,NEAREST,
timed,7/22/16,1469194800,1469206800,Friday,8:40 AM,12:00 PM,,ECD-Network,SkinIO,,03:20,3.33,,,1,NEAREST,
timed,7/22/16,1469209680,1469224800,Friday,12:48 PM,5:00 PM,,ECD-Network,SkinIO,,04:12,4.20,,,1,NEAREST,
timed,8/1/16,1470058680,1470072780,Monday,8:38 AM,12:33 PM,,ECD-Network,SkinIO,,03:55,3.92,,,1,NEAREST,
timed,8/1/16,1470074100,1470098580,Monday,12:55 PM,7:43 PM,,ECD-Network,SkinIO,,06:48,6.80,,,1,NEAREST,
timed,8/2/16,1470137400,1470142200,Tuesday,6:30 AM,7:50 AM,,Uplink ,Version 1,,01:20,1.33,,,1,NEAREST,
timed,8/2/16,1470145200,1470176400,Tuesday,8:40 AM,5:20 PM,,ECD-Network,SkinIO,,08:40,8.67,,,1,NEAREST,
timed,8/2/16,1470193200,1470196560,Tuesday,10:00 PM,10:56 PM,,Uplink ,Version 1,,00:56,0.93,,,1,NEAREST,
timed,8/3/16,1470223680,1470230760,Wednesday,6:28 AM,8:26 AM,,Uplink ,Version 1,,01:58,1.97,,,1,NEAREST,
timed,8/3/16,1470233580,1470244200,Wednesday,9:13 AM,12:10 PM,,ECD-Network,SkinIO,,02:57,2.95,,,1,NEAREST,
timed,8/3/16,1470249233,1470263340,Wednesday,1:33 PM,5:29 PM,,ECD-Network,SkinIO,,03:55,3.92,,,1,NEAREST,
timed,8/3/16,1470274200,1470282780,Wednesday,8:30 PM,10:53 PM,,Uplink ,Version 1,,02:23,2.38,,,1,NEAREST,
timed,8/4/16,1470308760,1470309180,Thursday,6:06 AM,6:13 AM,,Uplink ,Version 1,,00:07,0.12,,,1,NEAREST,
timed,8/4/16,1470317460,1470331020,Thursday,8:31 AM,12:17 PM,,ECD-Network,SkinIO,,03:46,3.77,,,1,NEAREST,
timed,8/4/16,1470331920,1470333600,Thursday,12:32 PM,1:00 PM,,ECD-Network,SkinIO,,00:28,0.47,,,1,NEAREST,
timed,8/4/16,1470335280,1470350400,Thursday,1:28 PM,5:40 PM,,ECD-Network,SkinIO,,04:12,4.20,,,1,NEAREST,
timed,8/4/16,1470360660,1470369360,Thursday,8:31 PM,10:56 PM,,Uplink ,Version 1,,02:25,2.42,,,1,NEAREST,
timed,8/5/16,1470404003,1470414960,Friday,8:33 AM,11:36 AM,,ECD-Network,SkinIO,,03:03,3.05,,,1,NEAREST,
timed,8/5/16,1470415620,1470435600,Friday,11:47 AM,5:20 PM,,ECD-Network,SkinIO,,05:33,5.55,,,1,NEAREST,
timed,8/6/16,1470517500,1470526980,Saturday,4:05 PM,6:43 PM,,Uplink ,Version 1,,02:38,2.63,,,1,NEAREST,
timed,8/6/16,1470532920,1470537000,Saturday,8:22 PM,9:30 PM,,Uplink ,Version 1,,01:08,1.13,,,1,NEAREST,
timed,8/7/16,1470577320,1470579960,Sunday,8:42 AM,9:26 AM,,Uplink ,Version 1,,00:44,0.73,,,1,NEAREST,
timed,8/7/16,1470601800,1470602760,Sunday,3:30 PM,3:46 PM,,Trumpet,Practice,,00:16,0.27,,,1,NEAREST,
timed,8/7/16,1470608640,1470614100,Sunday,5:24 PM,6:55 PM,,Uplink ,Version 1,,01:31,1.52,,,1,NEAREST,
timed,8/8/16,1470663900,1470676860,Monday,8:45 AM,12:21 PM,,ECD-Network,SkinIO,,03:36,3.60,,,1,NEAREST,
timed,8/8/16,1470678600,1470696000,Monday,12:50 PM,5:40 PM,,ECD-Network,SkinIO,,04:50,4.83,,,1,NEAREST,
timed,8/8/16,1470705000,1470717420,Monday,8:10 PM,11:37 PM,,Uplink ,Version 1,,03:27,3.45,,,1,NEAREST,
timed,8/9/16,1470744900,1470747120,Tuesday,7:15 AM,7:52 AM,,Uplink ,Version 1,,00:37,0.62,,,1,NEAREST,
timed,8/9/16,1470750120,1470782400,Tuesday,8:42 AM,5:40 PM,,ECD-Network,SkinIO,,08:58,8.97,,,1,NEAREST,
timed,8/10/16,1470839400,1470866700,Wednesday,9:30 AM,5:05 PM,,ECD-Network,SkinIO,,07:35,7.58,,,1,NEAREST,
timed,8/11/16,1470922020,1470935700,Thursday,8:27 AM,12:15 PM,,ECD-Network,SkinIO,,03:48,3.80,,,1,NEAREST,
timed,8/11/16,1470938760,1470955800,Thursday,1:06 PM,5:50 PM,,ECD-Network,SkinIO,,04:44,4.73,,,1,NEAREST,
timed,8/11/16,1470965400,1470971700,Thursday,8:30 PM,10:15 PM,,Uplink ,Version 1,,01:45,1.75,,,1,NEAREST,
timed,8/12/16,1471007940,1471042800,Friday,8:19 AM,6:00 PM,,ECD-Network,SkinIO,,09:41,9.68,,,1,NEAREST,
timed,8/13/16,1471099920,1471105200,Saturday,9:52 AM,11:20 AM,,Uplink ,Version 1,,01:28,1.47,,,1,NEAREST,
timed,8/13/16,1471106940,1471113960,Saturday,11:49 AM,1:46 PM,,Uplink ,Version 1,,01:57,1.95,,,1,NEAREST,
timed,8/13/16,1471116000,1471123380,Saturday,2:20 PM,4:23 PM,,Uplink ,Version 1,,02:03,2.05,,,1,NEAREST,
timed,8/13/16,1471123800,1471136040,Saturday,4:30 PM,7:54 PM,,Uplink ,Version 1,,03:24,3.40,,,1,NEAREST,
timed,8/13/16,1471137000,1471140540,Saturday,8:10 PM,9:09 PM,,Uplink ,Version 1,,00:59,0.98,,,1,NEAREST,
timed,8/14/16,1471192800,1471212780,Sunday,11:40 AM,5:13 PM,,Uplink ,Version 1,,05:33,5.55,,,1,NEAREST,
timed,8/15/16,1471268400,1471280880,Monday,8:40 AM,12:08 PM,,ECD-Network,SkinIO,,03:28,3.47,,,1,NEAREST,
timed,8/15/16,1471283280,1471303200,Monday,12:48 PM,6:20 PM,,ECD-Network,SkinIO,,05:32,5.53,,,1,NEAREST,
timed,8/15/16,1471312140,1471313640,Monday,8:49 PM,9:14 PM,,Trumpet,Practice,,00:25,0.42,,,1,NEAREST,
timed,8/16/16,1471353420,1471378800,Tuesday,8:17 AM,3:20 PM,,ECD-Network,SkinIO,,07:03,7.05,,,1,NEAREST,
timed,8/16/16,1471380120,1471387800,Tuesday,3:42 PM,5:50 PM,,ECD-Network,SkinIO,,02:08,2.13,,,1,NEAREST,
timed,8/16/16,1471390260,1471392180,Tuesday,6:31 PM,7:03 PM,,Trumpet,Practice,,00:32,0.53,,,1,NEAREST,
timed,8/17/16,1471441500,1471453440,Wednesday,8:45 AM,12:04 PM,,ECD-Network,SkinIO,,03:19,3.32,,,1,NEAREST,
timed,8/17/16,1471455000,1471474980,Wednesday,12:30 PM,6:03 PM,,ECD-Network,SkinIO,,05:33,5.55,,,1,NEAREST,
timed,8/17/16,1471483500,1471484820,Wednesday,8:25 PM,8:47 PM,,Trumpet,Practice,,00:22,0.37,,,1,NEAREST,
timed,8/17/16,1471486800,1471491720,Wednesday,9:20 PM,10:42 PM,,Uplink ,Version 1,,01:22,1.37,,,1,NEAREST,
timed,8/18/16,1471519800,1471523100,Thursday,6:30 AM,7:25 AM,,Uplink ,Version 1,,00:55,0.92,,,1,NEAREST,
timed,8/18/16,1471527900,1471558680,Thursday,8:45 AM,5:18 PM,,ECD-Network,SkinIO,,08:33,8.55,,,1,NEAREST,
timed,8/18/16,1471570320,1471571160,Thursday,8:32 PM,8:46 PM,,Trumpet,Practice,,00:14,0.23,,,1,NEAREST,
timed,8/18/16,1471572000,1471577820,Thursday,9:00 PM,10:37 PM,,Uplink ,Version 1,,01:37,1.62,,,1,NEAREST,
timed,8/19/16,1471612980,1471626960,Friday,8:23 AM,12:16 PM,,ECD-Network,SkinIO,,03:53,3.88,,,1,NEAREST,
timed,8/19/16,1471629000,1471644960,Friday,12:50 PM,5:16 PM,,ECD-Network,SkinIO,,04:26,4.43,,,1,NEAREST,
timed,8/22/16,1471864620,1471869300,Monday,6:17 AM,7:35 AM,,Uplink ,Version 1,,01:18,1.30,,,1,NEAREST,
timed,8/22/16,1471873320,1471886220,Monday,8:42 AM,12:17 PM,,ECD-Network,SkinIO,,03:35,3.58,,,1,NEAREST,
timed,8/22/16,1471888620,1471905900,Monday,12:57 PM,5:45 PM,,ECD-Network,SkinIO,,04:48,4.80,,,1,NEAREST,
timed,8/22/16,1471918800,1471922040,Monday,9:20 PM,10:14 PM,,Uplink ,Version 1,,00:54,0.90,,,1,NEAREST,
timed,8/23/16,1471953000,1471956720,Tuesday,6:50 AM,7:52 AM,,Uplink ,Version 1,,01:02,1.03,,,1,NEAREST,
timed,8/23/16,1471960800,1471972140,Tuesday,9:00 AM,12:09 PM,,ECD-Network,SkinIO,,03:09,3.15,,,1,NEAREST,
timed,8/23/16,1471974600,1471991700,Tuesday,12:50 PM,5:35 PM,,ECD-Network,SkinIO,,04:45,4.75,,,1,NEAREST,
timed,8/23/16,1472003880,1472010540,Tuesday,8:58 PM,10:49 PM,,Uplink ,Version 1,,01:51,1.85,,,1,NEAREST,
timed,8/24/16,1472044860,1472077200,Wednesday,8:21 AM,5:20 PM,,ECD-Network,SkinIO,,08:59,8.98,,,1,NEAREST,
timed,8/25/16,1472123700,1472130180,Thursday,6:15 AM,8:03 AM,,Uplink ,Version 1,,01:48,1.80,,,1,NEAREST,
timed,8/25/16,1472134200,1472145600,Thursday,9:10 AM,12:20 PM,,ECD-Network,SkinIO,,03:10,3.17,,,1,NEAREST,
timed,8/25/16,1472147940,1472165400,Thursday,12:59 PM,5:50 PM,,ECD-Network,SkinIO,,04:51,4.85,,,1,NEAREST,
timed,8/25/16,1472173920,1472184000,Thursday,8:12 PM,11:00 PM,,Uplink ,Version 1,,02:48,2.80,,,1,NEAREST,
timed,8/26/16,1472217960,1472231400,Friday,8:26 AM,12:10 PM,,ECD-Network,SkinIO,,03:44,3.73,,,1,NEAREST,
timed,8/26/16,1472233800,1472254860,Friday,12:50 PM,6:41 PM,,ECD-Network,SkinIO,,05:51,5.85,,,1,NEAREST,
timed,8/29/16,1472477400,1472492400,Monday,8:30 AM,12:40 PM,,ECD-Network,SkinIO,,04:10,4.17,,,1,NEAREST,
timed,8/29/16,1472493300,1472511300,Monday,12:55 PM,5:55 PM,,ECD-Network,SkinIO,,05:00,5.00,,,1,NEAREST,
timed,8/30/16,1472556780,1472561460,Tuesday,6:33 AM,7:51 AM,,Uplink ,Version 1,,01:18,1.30,,,1,NEAREST,
timed,8/30/16,1472564640,1472579100,Tuesday,8:44 AM,12:45 PM,,ECD-Network,SkinIO,,04:01,4.02,,,1,NEAREST,
timed,8/30/16,1472580600,1472599500,Tuesday,1:10 PM,6:25 PM,,ECD-Network,SkinIO,,05:15,5.25,,,1,NEAREST,
timed,8/30/16,1472607060,1472612400,Tuesday,8:31 PM,10:00 PM,,Uplink ,Version 1,,01:29,1.48,,,1,NEAREST,
timed,8/31/16,1472643000,1472647500,Wednesday,6:30 AM,7:45 AM,,Uplink ,Version 1,,01:15,1.25,,,1,NEAREST,
timed,8/31/16,1472650800,1472668380,Wednesday,8:40 AM,1:33 PM,,ECD-Network,SkinIO,,04:53,4.88,,,1,NEAREST,
timed,8/31/16,1472669580,1472685900,Wednesday,1:53 PM,6:25 PM,,ECD-Network,SkinIO,,04:32,4.53,,,1,NEAREST,
timed,9/1/16,1472731200,1472736180,Thursday,7:00 AM,8:23 AM,,Uplink ,Version 1,,01:23,1.38,,,1,NEAREST,
timed,9/1/16,1472739300,1472769420,Thursday,9:15 AM,5:37 PM,,ECD-Network,SkinIO,,08:22,8.37,,,1,NEAREST,
timed,9/2/16,1472822100,1472838780,Friday,8:15 AM,12:53 PM,,ECD-Network,SkinIO,,04:38,4.63,,,1,NEAREST,
timed,9/2/16,1472839740,1472856600,Friday,1:09 PM,5:50 PM,,ECD-Network,SkinIO,,04:41,4.68,,,1,NEAREST,
timed,9/5/16,1473087900,1473094740,Monday,10:05 AM,11:59 AM,,Uplink ,Version 1,,01:54,1.90,,,1,NEAREST,
timed,9/5/16,1473096000,1473105120,Monday,12:20 PM,2:52 PM,,Uplink ,Version 1,,02:32,2.53,,,1,NEAREST,
timed,9/6/16,1473161820,1473164760,Tuesday,6:37 AM,7:26 AM,,Uplink ,Version 1,,00:49,0.82,,,1,NEAREST,
timed,9/6/16,1473168300,1473186060,Tuesday,8:25 AM,1:21 PM,,ECD-Network,SkinIO,,04:56,4.93,,,1,NEAREST,
timed,9/6/16,1473187020,1473201000,Tuesday,1:37 PM,5:30 PM,,ECD-Network,SkinIO,,03:53,3.88,,,1,NEAREST,
timed,9/6/16,1473213600,1473220440,Tuesday,9:00 PM,10:54 PM,,Uplink ,Version 1,,01:54,1.90,,,1,NEAREST,
timed,9/7/16,1473255600,1473293220,Wednesday,8:40 AM,7:07 PM,,ECD-Network,SkinIO,,10:27,10.45,,,1,NEAREST,
timed,9/8/16,1473344400,1473354480,Thursday,9:20 AM,12:08 PM,,ECD-Network,SkinIO,,02:48,2.80,,,1,NEAREST,
timed,9/8/16,1473356400,1473379320,Thursday,12:40 PM,7:02 PM,,ECD-Network,SkinIO,,06:22,6.37,,,1,NEAREST,
timed,9/8/16,1473387300,1473393480,Thursday,9:15 PM,10:58 PM,,Uplink ,Version 1,,01:43,1.72,,,1,NEAREST,
timed,9/9/16,1473427920,1473459960,Friday,8:32 AM,5:26 PM,,ECD-Network,SkinIO,,08:54,8.90,,,1,NEAREST,
timed,9/10/16,1473541200,1473544800,Saturday,4:00 PM,5:00 PM,,Uplink ,Version 1,,01:00,1.00,,,1,NEAREST,
timed,9/11/16,1473643800,1473646800,Sunday,8:30 PM,9:20 PM,,Uplink ,Version 1,,00:50,0.83,,,1,NEAREST,
timed,9/12/16,1473680700,1473684960,Monday,6:45 AM,7:56 AM,,Uplink ,Version 1,,01:11,1.18,,,1,NEAREST,
timed,9/12/16,1473688800,1473700800,Monday,9:00 AM,12:20 PM,,ECD-Network,SkinIO,,03:20,3.33,,,1,NEAREST,
timed,9/12/16,1473702180,1473719580,Monday,12:43 PM,5:33 PM,,ECD-Network,SkinIO,,04:50,4.83,,,1,NEAREST,
timed,9/13/16,1473765780,1473771780,Tuesday,6:23 AM,8:03 AM,,Uplink ,Version 1,,01:40,1.67,,,1,NEAREST,
timed,9/13/16,1473774660,1473789000,Tuesday,8:51 AM,12:50 PM,,ECD-Network,SkinIO,,03:59,3.98,,,1,NEAREST,
timed,9/13/16,1473789660,1473795000,Tuesday,1:01 PM,2:30 PM,,ECD-Network,SkinIO,,01:29,1.48,,,1,NEAREST,
timed,9/13/16,1473795900,1473806700,Tuesday,2:45 PM,5:45 PM,,ECD-Network,SkinIO,,03:00,3.00,,,1,NEAREST,
timed,9/14/16,1473852960,1473858540,Wednesday,6:36 AM,8:09 AM,,Uplink ,Version 1,,01:33,1.55,,,1,NEAREST,
timed,9/14/16,1473861900,1473898200,Wednesday,9:05 AM,7:10 PM,,ECD-Network,SkinIO,,10:05,10.08,,,1,NEAREST,
timed,9/15/16,1473941220,1473946980,Thursday,7:07 AM,8:43 AM,,Uplink ,Version 1,,01:36,1.60,,,1,NEAREST,
timed,9/15/16,1473948960,1473982200,Thursday,9:16 AM,6:30 PM,,ECD-Network,SkinIO,,09:14,9.23,,,1,NEAREST,
timed,9/15/16,1473988560,1473996300,Thursday,8:16 PM,10:25 PM,,ECD-Network,SkinIO,,02:09,2.15,,,1,NEAREST,
timed,9/16/16,1474032000,1474046700,Friday,8:20 AM,12:25 PM,,ECD-Network,SkinIO,,04:05,4.08,,,1,NEAREST,
timed,9/16/16,1474048620,1474068840,Friday,12:57 PM,6:34 PM,,ECD-Network,SkinIO,,05:37,5.62,,,1,NEAREST,
timed,9/17/16,1474125300,1474140300,Saturday,10:15 AM,2:25 PM,,ECD-Network,SkinIO,,04:10,4.17,,,1,NEAREST,
timed,9/18/16,1474232400,1474236000,Sunday,4:00 PM,5:00 PM,,Uplink ,Version 1,,01:00,1.00,,,1,NEAREST,
timed,9/19/16,1474285200,1474289400,Monday,6:40 AM,7:50 AM,,Uplink ,Version 1,,01:10,1.17,,,1,NEAREST,
timed,9/19/16,1474292940,1474324440,Monday,8:49 AM,5:34 PM,,ECD-Network,SkinIO,,08:45,8.75,,,1,NEAREST,
timed,9/19/16,1474337700,1474340400,Monday,9:15 PM,10:00 PM,,Uplink ,Version 1,,00:45,0.75,,,1,NEAREST,
timed,9/20/16,1474371960,1474374060,Tuesday,6:46 AM,7:21 AM,,Uplink ,Version 1,,00:35,0.58,,,1,NEAREST,
timed,9/20/16,1474378800,1474390380,Tuesday,8:40 AM,11:53 AM,,ECD-Network,SkinIO,,03:13,3.22,,,1,NEAREST,
timed,9/20/16,1474391700,1474402200,Tuesday,12:15 PM,3:10 PM,,ECD-Network,SkinIO,,02:55,2.92,,,1,NEAREST,
timed,9/20/16,1474403400,1474411800,Tuesday,3:30 PM,5:50 PM,,ECD-Network,SkinIO,,02:20,2.33,,,1,NEAREST,
timed,9/21/16,1474458480,1474464840,Wednesday,6:48 AM,8:34 AM,,Uplink ,Version 1,,01:46,1.77,,,1,NEAREST,
timed,9/21/16,1474468200,1474478220,Wednesday,9:30 AM,12:17 PM,,ECD-Network,SkinIO,,02:47,2.78,,,1,NEAREST,
timed,9/21/16,1474480020,1474498020,Wednesday,12:47 PM,5:47 PM,,ECD-Network,SkinIO,,05:00,5.00,,,1,NEAREST,
timed,9/22/16,1474545000,1474549020,Thursday,6:50 AM,7:57 AM,,Uplink ,Version 1,,01:07,1.12,,,1,NEAREST,
timed,9/22/16,1474552200,1474565040,Thursday,8:50 AM,12:24 PM,,ECD-Network,SkinIO,,03:34,3.57,,,1,NEAREST,
timed,9/22/16,1474567800,1474584600,Thursday,1:10 PM,5:50 PM,,ECD-Network,SkinIO,,04:40,4.67,,,1,NEAREST,
timed,9/23/16,1474638600,1474668900,Friday,8:50 AM,5:15 PM,,ECD-Network,SkinIO,,08:25,8.42,,,1,NEAREST,
timed,9/23/16,1474678260,1474682040,Friday,7:51 PM,8:54 PM,,Uplink ,Version 1,,01:03,1.05,,,1,NEAREST,
timed,9/26/16,1474889940,1474893540,Monday,6:39 AM,7:39 AM,,Uplink ,Version 1,,01:00,1.00,,,1,NEAREST,
timed,9/26/16,1474897800,1474909800,Monday,8:50 AM,12:10 PM,,ECD-Network,SkinIO,,03:20,3.33,,,1,NEAREST,
timed,9/26/16,1474912140,1474929660,Monday,12:49 PM,5:41 PM,,ECD-Network,SkinIO,,04:52,4.87,,,1,NEAREST,
timed,9/26/16,1474938000,1474946220,Monday,8:00 PM,10:17 PM,,Uplink ,Version 1,,02:17,2.28,,,1,NEAREST,
timed,9/27/16,1474976760,1474982040,Tuesday,6:46 AM,8:14 AM,,Uplink ,Version 1,,01:28,1.47,,,1,NEAREST,
timed,9/27/16,1474983000,1475000400,Tuesday,8:30 AM,1:20 PM,,ECD-Network,SkinIO,,04:50,4.83,,,1,NEAREST,
timed,9/27/16,1475001300,1475015040,Tuesday,1:35 PM,5:24 PM,,ECD-Network,SkinIO,,03:49,3.82,,,1,NEAREST,
timed,9/28/16,1475070000,1475081400,Wednesday,8:40 AM,11:50 AM,,ECD-Network,SkinIO,,03:10,3.17,,,1,NEAREST,
timed,9/28/16,1475083320,1475085840,Wednesday,12:22 PM,1:04 PM,,ECD-Network,SkinIO,,00:42,0.70,,,1,NEAREST,
timed,9/28/16,1475086860,1475102400,Wednesday,1:21 PM,5:40 PM,,ECD-Network,SkinIO,,04:19,4.32,,,1,NEAREST,
timed,9/29/16,1475152200,1475154900,Thursday,7:30 AM,8:15 AM,,Uplink ,Version 1,,00:45,0.75,,,1,NEAREST,
timed,9/29/16,1475157900,1475187000,Thursday,9:05 AM,5:10 PM,,ECD-Network,SkinIO,,08:05,8.08,,,1,NEAREST,
timed,9/30/16,1475242200,1475255400,Friday,8:30 AM,12:10 PM,,ECD-Network,SkinIO,,03:40,3.67,,,1,NEAREST,
timed,10/3/16,1475497380,1475499660,Monday,7:23 AM,8:01 AM,,Uplink ,Version 1,,00:38,0.63,,,1,NEAREST,
timed,10/3/16,1475504100,1475514300,Monday,9:15 AM,12:05 PM,,ECD-Network,SkinIO,,02:50,2.83,,,1,NEAREST,
timed,10/3/16,1475518020,1475532900,Monday,1:07 PM,5:15 PM,,ECD-Network,SkinIO,,04:08,4.13,,,1,NEAREST,
timed,10/3/16,1475539800,1475548500,Monday,7:10 PM,9:35 PM,,Uplink ,Version 1,,02:25,2.42,,,1,NEAREST,
timed,10/4/16,1475587800,1475607960,Tuesday,8:30 AM,2:06 PM,,ECD-Network,SkinIO,,05:36,5.60,,,1,NEAREST,
timed,10/4/16,1475609340,1475619540,Tuesday,2:29 PM,5:19 PM,,ECD-Network,SkinIO,,02:50,2.83,,,1,NEAREST,
timed,10/5/16,1475680260,1475706000,Wednesday,10:11 AM,5:20 PM,,ECD-Network,SkinIO,,07:09,7.15,,,1,NEAREST,
timed,10/6/16,1475762160,1475795640,Thursday,8:56 AM,6:14 PM,,ECD-Network,SkinIO,,09:18,9.30,,,1,NEAREST,
timed,10/7/16,1475846400,1475859300,Friday,8:20 AM,11:55 AM,,ECD-Network,SkinIO,,03:35,3.58,,,1,NEAREST,
timed,10/7/16,1475864100,1475879760,Friday,1:15 PM,5:36 PM,,ECD-Network,SkinIO,,04:21,4.35,,,1,NEAREST,
timed,10/10/16,1476108000,1476140400,Monday,9:00 AM,6:00 PM,,ECD-Network,SkinIO,,09:00,9.00,,,1,NEAREST,
timed,10/11/16,1476188160,1476190140,Tuesday,7:16 AM,7:49 AM,,Uplink ,Version 1,,00:33,0.55,,,1,NEAREST,
timed,10/11/16,1476193500,1476206640,Tuesday,8:45 AM,12:24 PM,,ECD-Network,SkinIO,,03:39,3.65,,,1,NEAREST,
timed,10/11/16,1476207600,1476225600,Tuesday,12:40 PM,5:40 PM,,ECD-Network,SkinIO,,05:00,5.00,,,1,NEAREST,
timed,10/12/16,1476277080,1476296580,Wednesday,7:58 AM,1:23 PM,,ECD-Network,SkinIO,,05:25,5.42,,,1,NEAREST,
timed,10/12/16,1476298500,1476318660,Wednesday,1:55 PM,7:31 PM,,ECD-Network,SkinIO,,05:36,5.60,,,1,NEAREST,
timed,10/12/16,1476325200,1476327900,Wednesday,9:20 PM,10:05 PM,,Uplink ,Version 1,,00:45,0.75,,,1,NEAREST,
timed,10/13/16,1476364500,1476379380,Thursday,8:15 AM,12:23 PM,,ECD-Network,SkinIO,,04:08,4.13,,,1,NEAREST,
timed,10/13/16,1476380700,1476397800,Thursday,12:45 PM,5:30 PM,,ECD-Network,SkinIO,,04:45,4.75,,,1,NEAREST,
timed,10/13/16,1476402300,1476405000,Thursday,6:45 PM,7:30 PM,,Uplink ,Version 1,,00:45,0.75,,,1,NEAREST,
timed,10/14/16,1476451320,1476463560,Friday,8:22 AM,11:46 AM,,ECD-Network,SkinIO,,03:24,3.40,,,1,NEAREST,
timed,10/14/16,1476467040,1476482400,Friday,12:44 PM,5:00 PM,,ECD-Network,SkinIO,,04:16,4.27,,,1,NEAREST,
timed,10/16/16,1476668160,1476671820,Sunday,8:36 PM,9:37 PM,,Uplink ,Version 1,,01:01,1.02,,,1,NEAREST,
timed,10/17/16,1476712800,1476723660,Monday,9:00 AM,12:01 PM,,ECD-Network,SkinIO,,03:01,3.02,,,1,NEAREST,
timed,10/17/16,1476726300,1476742500,Monday,12:45 PM,5:15 PM,,ECD-Network,SkinIO,,04:30,4.50,,,1,NEAREST,
timed,10/18/16,1476794520,1476796440,Tuesday,7:42 AM,8:14 AM,,Uplink ,Version 1,,00:32,0.53,,,1,NEAREST,
timed,10/18/16,1476798840,1476813600,Tuesday,8:54 AM,1:00 PM,,ECD-Network,SkinIO,,04:06,4.10,,,1,NEAREST,
timed,10/18/16,1476815340,1476828900,Tuesday,1:29 PM,5:15 PM,,ECD-Network,SkinIO,,03:46,3.77,,,1,NEAREST,
timed,10/18/16,1476841800,1476846960,Tuesday,8:50 PM,10:16 PM,,Uplink ,Version 1,,01:26,1.43,,,1,NEAREST,
timed,10/19/16,1476877080,1476881760,Wednesday,6:38 AM,7:56 AM,,Uplink ,Version 1,,01:18,1.30,,,1,NEAREST,
timed,10/19/16,1476885780,1476896580,Wednesday,9:03 AM,12:03 PM,,ECD-Network,SkinIO,,03:00,3.00,,,1,NEAREST,
timed,10/19/16,1476898200,1476900060,Wednesday,12:30 PM,1:01 PM,,Uplink ,Version 1,,00:31,0.52,,,1,NEAREST,
timed,10/19/16,1476900600,1476914640,Wednesday,1:10 PM,5:04 PM,,ECD-Network,SkinIO,,03:54,3.90,,,1,NEAREST,
timed,10/20/16,1476964020,1476970200,Thursday,6:47 AM,8:30 AM,,Uplink ,Version 1,,01:43,1.72,,,1,NEAREST,
timed,10/20/16,1476973800,1477003500,Thursday,9:30 AM,5:45 PM,,ECD-Network,SkinIO,,08:15,8.25,,,1,NEAREST,
timed,10/21/16,1477058400,1477069200,Friday,9:00 AM,12:00 PM,,ECD-Network,SkinIO,,03:00,3.00,,,1,NEAREST,
timed,10/21/16,1477071180,1477088100,Friday,12:33 PM,5:15 PM,,ECD-Network,SkinIO,,04:42,4.70,,,1,NEAREST,
timed,10/24/16,1477317720,1477329000,Monday,9:02 AM,12:10 PM,,ECD-Network,SkinIO,,03:08,3.13,,,1,NEAREST,
timed,10/24/16,1477330920,1477342800,Monday,12:42 PM,4:00 PM,,ECD-Network,SkinIO,,03:18,3.30,,,1,NEAREST,
timed,10/24/16,1477343280,1477348200,Monday,4:08 PM,5:30 PM,,ECD-Network,SkinIO,,01:22,1.37,,,1,NEAREST,
timed,10/25/16,1477404060,1477414800,Tuesday,9:01 AM,12:00 PM,,ECD-Network,SkinIO,,02:59,2.98,,,1,NEAREST,
timed,10/25/16,1477419420,1477433400,Tuesday,1:17 PM,5:10 PM,,ECD-Network,SkinIO,,03:53,3.88,,,1,NEAREST,
timed,10/26/16,1477489440,1477501500,Wednesday,8:44 AM,12:05 PM,,ECD-Network,SkinIO,,03:21,3.35,,,1,NEAREST,
timed,10/26/16,1477505160,1477524060,Wednesday,1:06 PM,6:21 PM,,ECD-Network,SkinIO,,05:15,5.25,,,1,NEAREST,
timed,10/27/16,1477577220,1477588500,Thursday,9:07 AM,12:15 PM,,ECD-Network,SkinIO,,03:08,3.13,,,1,NEAREST,
timed,10/27/16,1477592100,1477608360,Thursday,1:15 PM,5:46 PM,,ECD-Network,SkinIO,,04:31,4.52,,,1,NEAREST,
timed,10/28/16,1477660620,1477675320,Friday,8:17 AM,12:22 PM,,ECD-Network,SkinIO,,04:05,4.08,,,1,NEAREST,
timed,10/28/16,1477678500,1477694640,Friday,1:15 PM,5:44 PM,,ECD-Network,SkinIO,,04:29,4.48,,,1,NEAREST,
timed,10/31/16,1477923780,1477932720,Monday,9:23 AM,11:52 AM,,ECD-Network,SkinIO,,02:29,2.48,,,1,NEAREST,
timed,10/31/16,1477935540,1477953360,Monday,12:39 PM,5:36 PM,,ECD-Network,SkinIO,,04:57,4.95,,,1,NEAREST,
timed,11/1/16,1478009460,1478020440,Tuesday,9:11 AM,12:14 PM,,ECD-Network,SkinIO,,03:03,3.05,,,1,NEAREST,
timed,11/1/16,1478023800,1478038500,Tuesday,1:10 PM,5:15 PM,,ECD-Network,SkinIO,,04:05,4.08,,,1,NEAREST,
timed,11/2/16,1478096220,1478124900,Wednesday,9:17 AM,5:15 PM,,ECD-Network,SkinIO,,07:58,7.97,,,1,NEAREST,
timed,11/3/16,1478182200,1478212980,Thursday,9:10 AM,5:43 PM,,ECD-Network,SkinIO,,08:33,8.55,,,1,NEAREST,
timed,11/3/16,1478223360,1478228580,Thursday,8:36 PM,10:03 PM,,ECD-Network,SkinIO,,01:27,1.45,,,1,NEAREST,
timed,11/4/16,1478265720,1478268300,Friday,8:22 AM,9:05 AM,,ECD-Network,SkinIO,,00:43,0.72,,,1,NEAREST,
timed,11/4/16,1478280240,1478302020,Friday,12:24 PM,6:27 PM,,ECD-Network,SkinIO,,06:03,6.05,,,1,NEAREST,
timed,11/7/16,1478530440,1478543100,Monday,8:54 AM,12:25 PM,,ECD-Network,SkinIO,,03:31,3.52,,,1,NEAREST,
timed,11/7/16,1478543820,1478570100,Monday,12:37 PM,7:55 PM,,ECD-Network,SkinIO,,07:18,7.30,,,1,NEAREST,
timed,11/8/16,1478615040,1478627820,Tuesday,8:24 AM,11:57 AM,,ECD-Network,SkinIO,,03:33,3.55,,,1,NEAREST,
timed,11/8/16,1478630340,1478658240,Tuesday,12:39 PM,8:24 PM,,ECD-Network,SkinIO,,07:45,7.75,,,1,NEAREST,
timed,11/9/16,1478702700,1478721360,Wednesday,8:45 AM,1:56 PM,,ECD-Network,SkinIO,,05:11,5.18,,,1,NEAREST,
timed,11/9/16,1478721900,1478733540,Wednesday,2:05 PM,5:19 PM,,ECD-Network,SkinIO,,03:14,3.23,,,1,NEAREST,
timed,11/10/16,1478789760,1478800620,Thursday,8:56 AM,11:57 AM,,ECD-Network,SkinIO,,03:01,3.02,,,1,NEAREST,
timed,11/10/16,1478803020,1478824260,Thursday,12:37 PM,6:31 PM,,ECD-Network,SkinIO,,05:54,5.90,,,1,NEAREST,
timed,11/11/16,1478874480,1478888460,Friday,8:28 AM,12:21 PM,,ECD-Network,SkinIO,,03:53,3.88,,,1,NEAREST,
timed,11/11/16,1478890800,1478910780,Friday,1:00 PM,6:33 PM,,ECD-Network,SkinIO,,05:33,5.55,,,1,NEAREST,
timed,11/14/16,1479132600,1479165060,Monday,8:10 AM,5:11 PM,,ECD-Network,SkinIO,,09:01,9.02,,,1,NEAREST,
timed,11/14/16,1479172200,1479173400,Monday,7:10 PM,7:30 PM,,Trumpet,Practice,,00:20,0.33,,,1,NEAREST,
timed,11/15/16,1479221100,1479256440,Tuesday,8:45 AM,6:34 PM,,ECD-Network,SkinIO,,09:49,9.82,,,1,NEAREST,
timed,11/16/16,1479305880,1479321480,Wednesday,8:18 AM,12:38 PM,,ECD-Network,SkinIO,,04:20,4.33,,,1,NEAREST,
timed,11/16/16,1479322980,1479342300,Wednesday,1:03 PM,6:25 PM,,ECD-Network,SkinIO,,05:22,5.37,,,1,NEAREST,
timed,11/17/16,1479394200,1479409380,Thursday,8:50 AM,1:03 PM,,ECD-Network,SkinIO,,04:13,4.22,,,1,NEAREST,
timed,11/17/16,1479410880,1479424860,Thursday,1:28 PM,5:21 PM,,ECD-Network,SkinIO,,03:53,3.88,,,1,NEAREST,
timed,11/18/16,1479478620,1479513600,Friday,8:17 AM,6:00 PM,,ECD-Network,SkinIO,,09:43,9.72,,,1,NEAREST,
timed,11/19/16,1479572400,1479590100,Saturday,10:20 AM,3:15 PM,,ECD-Network,SkinIO,,04:55,4.92,,,1,NEAREST,
timed,11/21/16,1479741720,1479753360,Monday,9:22 AM,12:36 PM,,ECD-Network,SkinIO,,03:14,3.23,,,1,NEAREST,
timed,11/21/16,1479754440,1479775140,Monday,12:54 PM,6:39 PM,,ECD-Network,SkinIO,,05:45,5.75,,,1,NEAREST,
timed,11/22/16,1479827700,1479860520,Tuesday,9:15 AM,6:22 PM,,ECD-Network,SkinIO,,09:07,9.12,,,1,NEAREST,
timed,11/28/16,1480345500,1480356660,Monday,9:05 AM,12:11 PM,,ECD-Network,SkinIO,,03:06,3.10,,,1,NEAREST,
timed,11/28/16,1480359000,1480375800,Monday,12:50 PM,5:30 PM,,ECD-Network,SkinIO,,04:40,4.67,,,1,NEAREST,
timed,11/29/16,1480431960,1480443420,Tuesday,9:06 AM,12:17 PM,,ECD-Network,SkinIO,,03:11,3.18,,,1,NEAREST,
timed,11/29/16,1480446960,1480462680,Tuesday,1:16 PM,5:38 PM,,ECD-Network,SkinIO,,04:22,4.37,,,1,NEAREST,
timed,11/30/16,1480519800,1480531200,Wednesday,9:30 AM,12:40 PM,,ECD-Network,SkinIO,,03:10,3.17,,,1,NEAREST,
timed,11/30/16,1480533600,1480549980,Wednesday,1:20 PM,5:53 PM,,ECD-Network,SkinIO,,04:33,4.55,,,1,NEAREST,
timed,12/1/16,1480603920,1480615740,Thursday,8:52 AM,12:09 PM,,ECD-Network,SkinIO,,03:17,3.28,,,1,NEAREST,
timed,12/1/16,1480617000,1480635900,Thursday,12:30 PM,5:45 PM,,ECD-Network,SkinIO,,05:15,5.25,,,1,NEAREST,
timed,12/2/16,1480689000,1480702320,Friday,8:30 AM,12:12 PM,,ECD-Network,SkinIO,,03:42,3.70,,,1,NEAREST,
timed,12/2/16,1480705620,1480721100,Friday,1:07 PM,5:25 PM,,ECD-Network,SkinIO,,04:18,4.30,,,1,NEAREST,
timed,12/5/16,1480943340,1480946100,Monday,7:09 AM,7:55 AM,,Uplink ,Version 1,,00:46,0.77,,,1,NEAREST,
timed,12/5/16,1480950120,1480981080,Monday,9:02 AM,5:38 PM,,ECD-Network,SkinIO,,08:36,8.60,,,1,NEAREST,
timed,12/5/16,1480996200,1481002380,Monday,9:50 PM,11:33 PM,,Uplink ,Version 1,,01:43,1.72,,,1,NEAREST,
timed,12/6/16,1481029380,1481033280,Tuesday,7:03 AM,8:08 AM,,Uplink ,Version 1,,01:05,1.08,,,1,NEAREST,
timed,12/6/16,1481036700,1481047740,Tuesday,9:05 AM,12:09 PM,,ECD-Network,SkinIO,,03:04,3.07,,,1,NEAREST,
timed,12/6/16,1481049960,1481067840,Tuesday,12:46 PM,5:44 PM,,ECD-Network,SkinIO,,04:58,4.97,,,1,NEAREST,
timed,12/7/16,1481116380,1481120160,Wednesday,7:13 AM,8:16 AM,,Uplink ,Version 1,,01:03,1.05,,,1,NEAREST,
timed,12/7/16,1481123820,1481135580,Wednesday,9:17 AM,12:33 PM,,ECD-Network,SkinIO,,03:16,3.27,,,1,NEAREST,
timed,12/7/16,1481136300,1481154240,Wednesday,12:45 PM,5:44 PM,,ECD-Network,SkinIO,,04:59,4.98,,,1,NEAREST,
timed,12/7/16,1481168400,1481172540,Wednesday,9:40 PM,10:49 PM,,Uplink ,Version 1,,01:09,1.15,,,1,NEAREST,
timed,12/8/16,1481203620,1481205540,Thursday,7:27 AM,7:59 AM,,Uplink ,Version 1,,00:32,0.53,,,1,NEAREST,
timed,12/8/16,1481209560,1481241540,Thursday,9:06 AM,5:59 PM,,ECD-Network,SkinIO,,08:53,8.88,,,1,NEAREST,
timed,12/9/16,1481293860,1481325300,Friday,8:31 AM,5:15 PM,,ECD-Network,SkinIO,,08:44,8.73,,,1,NEAREST,
timed,12/11/16,1481465100,1481469180,Sunday,8:05 AM,9:13 AM,,Uplink ,Version 1,,01:08,1.13,,,1,NEAREST,
timed,12/12/16,1481549100,1481552400,Monday,7:25 AM,8:20 AM,,Uplink ,Version 1,,00:55,0.92,,,1,NEAREST,
timed,12/12/16,1481556060,1481586960,Monday,9:21 AM,5:56 PM,,ECD-Network,SkinIO,,08:35,8.58,,,1,NEAREST,
timed,12/13/16,1481633220,1481638080,Tuesday,6:47 AM,8:08 AM,,Uplink ,Version 1,,01:21,1.35,,,1,NEAREST,
timed,12/13/16,1481642280,1481654460,Tuesday,9:18 AM,12:41 PM,,ECD-Network,SkinIO,,03:23,3.38,,,1,NEAREST,
timed,12/13/16,1481655600,1481675040,Tuesday,1:00 PM,6:24 PM,,ECD-Network,SkinIO,,05:24,5.40,,,1,NEAREST,
timed,12/14/16,1481723100,1481724480,Wednesday,7:45 AM,8:08 AM,,Uplink ,Version 1,,00:23,0.38,,,1,NEAREST,
timed,12/14/16,1481728260,1481740680,Wednesday,9:11 AM,12:38 PM,,ECD-Network,SkinIO,,03:27,3.45,,,1,NEAREST,
timed,12/14/16,1481742600,1481759820,Wednesday,1:10 PM,5:57 PM,,ECD-Network,SkinIO,,04:47,4.78,,,1,NEAREST,
timed,12/15/16,1481807580,1481808240,Thursday,7:13 AM,7:24 AM,,Uplink ,Version 1,,00:11,0.18,,,1,NEAREST,
timed,12/15/16,1481809320,1481812080,Thursday,7:42 AM,8:28 AM,,Uplink ,Version 1,,00:46,0.77,,,1,NEAREST,
timed,12/15/16,1481815380,1481825880,Thursday,9:23 AM,12:18 PM,,ECD-Network,SkinIO,,02:55,2.92,,,1,NEAREST,
timed,12/15/16,1481828160,1481846880,Thursday,12:56 PM,6:08 PM,,ECD-Network,SkinIO,,05:12,5.20,,,1,NEAREST,
timed,12/16/16,1481898180,1481912640,Friday,8:23 AM,12:24 PM,,ECD-Network,SkinIO,,04:01,4.02,,,1,NEAREST,
timed,12/16/16,1481914020,1481931960,Friday,12:47 PM,5:46 PM,,ECD-Network,SkinIO,,04:59,4.98,,,1,NEAREST,
timed,12/17/16,1482005760,1482015600,Saturday,2:16 PM,5:00 PM,,Uplink ,Version 1,,02:44,2.73,,,1,NEAREST,
timed,12/19/16,1482153420,1482155040,Monday,7:17 AM,7:44 AM,,Uplink ,Version 1,,00:27,0.45,,,1,NEAREST,
timed,12/19/16,1482159720,1482172440,Monday,9:02 AM,12:34 PM,,ECD-Network,SkinIO,,03:32,3.53,,,1,NEAREST,
timed,12/19/16,1482174000,1482189060,Monday,1:00 PM,5:11 PM,,ECD-Network,SkinIO,,04:11,4.18,,,1,NEAREST,
timed,12/20/16,1482237420,1482241980,Tuesday,6:37 AM,7:53 AM,,Uplink ,Version 1,,01:16,1.27,,,1,NEAREST,
timed,12/20/16,1482246540,1482257640,Tuesday,9:09 AM,12:14 PM,,ECD-Network,SkinIO,,03:05,3.08,,,1,NEAREST,
timed,12/20/16,1482260760,1482284580,Tuesday,1:06 PM,7:43 PM,,ECD-Network,SkinIO,,06:37,6.62,,,1,NEAREST,
timed,12/21/16,1482322500,1482325200,Wednesday,6:15 AM,7:00 AM,,Uplink ,Version 1,,00:45,0.75,,,1,NEAREST,
timed,12/21/16,1482335760,1482347580,Wednesday,9:56 AM,1:13 PM,,ECD-Network,SkinIO,,03:17,3.28,,,1,NEAREST,
timed,12/22/16,1482417900,1482421500,Thursday,8:45 AM,9:45 AM,,ECD-Network,SkinIO,,01:00,1.00,,,1,NEAREST,
timed,12/22/16,1482421500,1482426000,Thursday,9:45 AM,11:00 AM,,Uplink ,Version 1,,01:15,1.25,,,1,NEAREST,
timed,12/23/16,1482504720,1482509160,Friday,8:52 AM,10:06 AM,,Uplink ,Version 1,,01:14,1.23,,,1,NEAREST,
timed,12/26/16,1482765000,1482769080,Monday,9:10 AM,10:18 AM,,Uplink ,Version 1,,01:08,1.13,,,1,NEAREST,
timed,12/28/16,1482937620,1482950520,Wednesday,9:07 AM,12:42 PM,,ECD-Network,SkinIO,,03:35,3.58,,,1,NEAREST,
timed,12/28/16,1482952260,1482969000,Wednesday,1:11 PM,5:50 PM,,ECD-Network,SkinIO,,04:39,4.65,,,1,NEAREST,
timed,12/29/16,1483015800,1483021320,Thursday,6:50 AM,8:22 AM,,Uplink ,Version 1,,01:32,1.53,,,1,NEAREST,
timed,12/29/16,1483023600,1483035300,Thursday,9:00 AM,12:15 PM,,ECD-Network,SkinIO,,03:15,3.25,,,1,NEAREST,
timed,12/29/16,1483037340,1483052880,Thursday,12:49 PM,5:08 PM,,ECD-Network,SkinIO,,04:19,4.32,,,1,NEAREST,
timed,12/30/16,1483107720,1483122120,Friday,8:22 AM,12:22 PM,,ECD-Network,SkinIO,,04:00,4.00,,,1,NEAREST,
timed,12/30/16,1483123920,1483141260,Friday,12:52 PM,5:41 PM,,ECD-Network,SkinIO,,04:49,4.82,,,1,NEAREST,
timed,12/31/16,1483201200,1483211820,Saturday,10:20 AM,1:17 PM,,Uplink ,Version 1,,02:57,2.95,,,1,NEAREST,
timed,12/31/16,1483212180,1483212480,Saturday,1:23 PM,1:28 PM,,Uplink ,Version 1,,00:05,0.08,,,1,NEAREST,